EmployeeID,ProjectID,Date,HoursWorked,PlannedHours,UtilizationRate
EMP001,PJT040,2022-01-31,84.8554259356122,160,0.5303464120975763
EMP002,PJT026,2022-01-31,149.7302573732893,160,0.9358141085830581
EMP003,PJT038,2022-01-31,97.49993649827762,160,0.6093746031142351
EMP004,PJT008,2022-01-31,90.75762803446497,160,0.5672351752154061
EMP005,PJT023,2022-01-31,78.1724099433035,160,0.4885775621456469
EMP006,PJT023,2022-01-31,41.39316422951798,160,0.2587072764344874
EMP007,PJT030,2022-01-31,10.557949122708878,160,0.06598718201693049
EMP008,PJT040,2022-01-31,46.22593402840919,160,0.28891208767755744
EMP009,PJT012,2022-01-31,86.45847574053478,160,0.5403654733783424
EMP010,PJT044,2022-01-31,66.99399283896288,160,0.418712455243518
EMP011,PJT046,2022-01-31,77.27278420039507,160,0.48295490125246915
EMP012,PJT020,2022-01-31,157.09723293460743,160,0.9818577058412965
EMP013,PJT040,2022-01-31,62.54085560039914,160,0.3908803475024946
EMP014,PJT038,2022-01-31,77.82744090401619,160,0.48642150565010117
EMP015,PJT006,2022-01-31,30.027332702922934,160,0.18767082939326835
EMP016,PJT044,2022-01-31,17.193659865548145,160,0.10746037415967591
EMP017,PJT009,2022-01-31,126.31142718887419,160,0.7894464199304637
EMP018,PJT021,2022-01-31,95.60247626079679,160,0.59751547662998
EMP019,PJT008,2022-01-31,124.10572090658425,160,0.7756607556661516
EMP020,PJT016,2022-01-31,32.47941983298274,160,0.20299637395614215
EMP001,PJT020,2022-02-28,95.77431567740364,160,0.5985894729837727
EMP002,PJT008,2022-02-28,48.04637115120633,160,0.30028981969503954
EMP003,PJT012,2022-02-28,44.20927253500299,160,0.2763079533437687
EMP004,PJT024,2022-02-28,11.728902107947789,160,0.07330563817467368
EMP005,PJT045,2022-02-28,29.551108535360783,160,0.18469442834600489
EMP006,PJT010,2022-02-28,56.3902167249543,160,0.35243885453096435
EMP007,PJT033,2022-02-28,27.531814088640857,160,0.17207383805400536
EMP008,PJT025,2022-02-28,157.87876606164062,160,0.9867422878852539
EMP009,PJT027,2022-02-28,56.2948972785926,160,0.3518431079912038
EMP010,PJT039,2022-02-28,29.548592005349224,160,0.18467870003343265
EMP011,PJT009,2022-02-28,39.86234692419366,160,0.24913966827621037
EMP012,PJT037,2022-02-28,98.15548425122147,160,0.6134717765701342
EMP013,PJT025,2022-02-28,19.606528579718276,160,0.12254080362323923
EMP014,PJT028,2022-02-28,139.36511952117354,160,0.8710319970073346
EMP015,PJT012,2022-02-28,154.2249518855721,160,0.9639059492848256
EMP016,PJT032,2022-02-28,47.01211310010713,160,0.29382570687566956
EMP017,PJT041,2022-02-28,77.5142902886289,160,0.4844643143039306
EMP018,PJT035,2022-02-28,13.32016765442456,160,0.0832510478401535
EMP019,PJT045,2022-02-28,106.10653370908322,160,0.6631658356817701
EMP020,PJT042,2022-02-28,72.08890870788832,160,0.450555679424302
EMP001,PJT012,2022-03-31,50.50876991523336,160,0.3156798119702085
EMP002,PJT036,2022-03-31,41.02556659249127,160,0.25640979120307045
EMP003,PJT011,2022-03-31,108.10346164881406,160,0.6756466353050878
EMP004,PJT032,2022-03-31,72.43255465484717,160,0.4527034665927948
EMP005,PJT019,2022-03-31,36.9488933544868,160,0.2309305834655425
EMP006,PJT009,2022-03-31,113.3663622230236,160,0.7085397638938975
EMP007,PJT012,2022-03-31,94.76084245550405,160,0.5922552653469003
EMP008,PJT021,2022-03-31,138.8008082394244,160,0.8675050514964026
EMP009,PJT029,2022-03-31,27.621384831473936,160,0.1726336551967121
EMP010,PJT040,2022-03-31,127.84999029166842,160,0.7990624393229276
EMP011,PJT004,2022-03-31,111.02751802258885,160,0.6939219876411803
EMP012,PJT023,2022-03-31,27.25164052421467,160,0.1703227532763417
EMP013,PJT001,2022-03-31,114.22310948075811,160,0.7138944342547382
EMP014,PJT032,2022-03-31,76.23209333197457,160,0.476450583324841
EMP015,PJT009,2022-03-31,151.74771783337647,160,0.9484232364586029
EMP016,PJT013,2022-03-31,31.241702592684895,160,0.1952606412042806
EMP017,PJT025,2022-03-31,106.42500862236069,160,0.6651563038897543
EMP018,PJT036,2022-03-31,67.29700681944189,160,0.42060629262151183
EMP019,PJT033,2022-03-31,153.52220058863168,160,0.959513753678948
EMP020,PJT042,2022-03-31,59.49623429354147,160,0.3718514643346342
EMP001,PJT032,2022-04-30,154.32788642377002,160,0.9645492901485626
EMP002,PJT027,2022-04-30,145.22287766511235,160,0.9076429854069522
EMP003,PJT044,2022-04-30,50.55748529659845,160,0.3159842831037403
EMP004,PJT032,2022-04-30,130.53126652396415,160,0.8158204157747759
EMP005,PJT027,2022-04-30,159.3406302705259,160,0.995878939190787
EMP006,PJT046,2022-04-30,47.89945032569235,160,0.2993715645355772
EMP007,PJT029,2022-04-30,75.51657539849795,160,0.47197859624061217
EMP008,PJT032,2022-04-30,88.02711048501395,160,0.5501694405313372
EMP009,PJT011,2022-04-30,54.239670370579645,160,0.3389979398161228
EMP010,PJT006,2022-04-30,12.289725946904465,160,0.0768107871681529
EMP011,PJT037,2022-04-30,43.019386629629,160,0.2688711664351812
EMP012,PJT002,2022-04-30,52.29053265126377,160,0.3268158290703985
EMP013,PJT049,2022-04-30,76.53995519772808,160,0.4783747199858005
EMP014,PJT015,2022-04-30,35.66537176201028,160,0.22290857351256427
EMP015,PJT019,2022-04-30,140.98815350375088,160,0.881175959398443
EMP016,PJT003,2022-04-30,115.73666990970041,160,0.7233541869356276
EMP017,PJT018,2022-04-30,22.780071633949298,160,0.1423754477121831
EMP018,PJT015,2022-04-30,107.51386767098971,160,0.6719616729436857
EMP019,PJT035,2022-04-30,108.04847146084306,160,0.6753029466302691
EMP020,PJT019,2022-04-30,153.43317604654416,160,0.958957350290901
EMP001,PJT011,2022-05-31,10.453130703424186,160,0.06533206689640117
EMP002,PJT050,2022-05-31,47.18986747087108,160,0.29493667169294424
EMP003,PJT030,2022-05-31,149.16872190629732,160,0.9323045119143583
EMP004,PJT037,2022-05-31,149.82008730974246,160,0.9363755456858904
EMP005,PJT048,2022-05-31,118.0879629055956,160,0.7380497681599725
EMP006,PJT050,2022-05-31,124.864498157131,160,0.7804031134820687
EMP007,PJT050,2022-05-31,23.72244368944707,160,0.1482652730590442
EMP008,PJT032,2022-05-31,87.08137521673504,160,0.544258595104594
EMP009,PJT036,2022-05-31,44.73744869334991,160,0.27960905433343697
EMP010,PJT033,2022-05-31,37.18270654204259,160,0.23239191588776617
EMP011,PJT008,2022-05-31,131.54549486849987,160,0.8221593429281242
EMP012,PJT037,2022-05-31,30.255720502082113,160,0.1890982531380132
EMP013,PJT008,2022-05-31,80.29774554945779,160,0.5018609096841111
EMP014,PJT018,2022-05-31,150.78673593790495,160,0.9424170996119059
EMP015,PJT050,2022-05-31,37.874808334801386,160,0.23671755209250867
EMP016,PJT035,2022-05-31,156.69901356073518,160,0.9793688347545949
EMP017,PJT024,2022-05-31,159.14319786415885,160,0.9946449866509928
EMP018,PJT035,2022-05-31,93.34257320236044,160,0.5833910825147528
EMP019,PJT049,2022-05-31,35.52141102657369,160,0.22200881891608554
EMP020,PJT003,2022-05-31,57.41573319113434,160,0.35884833244458963
EMP001,PJT049,2022-06-30,73.67392490148026,160,0.4604620306342516
EMP002,PJT047,2022-06-30,56.39863365373344,160,0.352491460335834
EMP003,PJT029,2022-06-30,52.09533698147737,160,0.32559585613423353
EMP004,PJT035,2022-06-30,155.83445638245362,160,0.9739653523903351
EMP005,PJT014,2022-06-30,33.00472411236184,160,0.20627952570226152
EMP006,PJT028,2022-06-30,119.99918630752934,160,0.7499949144220583
EMP007,PJT007,2022-06-30,10.06154341587623,160,0.06288464634922644
EMP008,PJT048,2022-06-30,99.42740041035653,160,0.6214212525647282
EMP009,PJT042,2022-06-30,147.39145059310786,160,0.9211965662069241
EMP010,PJT049,2022-06-30,53.19011411398285,160,0.3324382132123928
EMP011,PJT016,2022-06-30,37.82889628865788,160,0.23643060180411174
EMP012,PJT020,2022-06-30,107.75196923176405,160,0.6734498076985254
EMP013,PJT003,2022-06-30,116.89021109475897,160,0.7305638193422436
EMP014,PJT029,2022-06-30,113.20457784279719,160,0.7075286115174825
EMP015,PJT017,2022-06-30,57.89753200320611,160,0.3618595750200382
EMP016,PJT023,2022-06-30,47.83036032389963,160,0.29893975202437273
EMP017,PJT006,2022-06-30,153.38781999430662,160,0.9586738749644164
EMP018,PJT029,2022-06-30,148.4949262404894,160,0.9280932890030588
EMP019,PJT008,2022-06-30,78.59749148392305,160,0.4912343217745191
EMP020,PJT050,2022-06-30,136.929079923156,160,0.855806749519725
EMP001,PJT016,2022-07-31,77.8485216451444,160,0.4865532602821525
EMP002,PJT014,2022-07-31,73.65835271087656,160,0.4603647044429785
EMP003,PJT048,2022-07-31,33.5144421398942,160,0.20946526337433874
EMP004,PJT038,2022-07-31,73.96090847379593,160,0.4622556779612245
EMP005,PJT045,2022-07-31,90.61254078997105,160,0.5663283799373191
EMP006,PJT023,2022-07-31,13.37564911430297,160,0.08359780696439356
EMP007,PJT046,2022-07-31,76.61695077631096,160,0.4788559423519435
EMP008,PJT040,2022-07-31,127.20343275928005,160,0.7950214547455003
EMP009,PJT041,2022-07-31,112.00690845614048,160,0.700043177850878
EMP010,PJT028,2022-07-31,105.27354832959026,160,0.6579596770599391
EMP011,PJT011,2022-07-31,146.43331426558038,160,0.9152082141598774
EMP012,PJT040,2022-07-31,12.704801473784501,160,0.07940500921115314
EMP013,PJT009,2022-07-31,93.55713792883512,160,0.5847321120552195
EMP014,PJT014,2022-07-31,128.10232726145608,160,0.8006395453841005
EMP015,PJT014,2022-07-31,91.20030740519009,160,0.5700019212824381
EMP016,PJT004,2022-07-31,58.584332887056874,160,0.3661520805441055
EMP017,PJT037,2022-07-31,30.43758476379668,160,0.19023490477372923
EMP018,PJT023,2022-07-31,143.1344607724287,160,0.8945903798276793
EMP019,PJT035,2022-07-31,80.61435885814045,160,0.5038397428633778
EMP020,PJT018,2022-07-31,141.7172795478552,160,0.885732997174095
EMP001,PJT039,2022-08-31,97.87781836497524,160,0.6117363647810953
EMP002,PJT035,2022-08-31,111.12881749225012,160,0.6945551093265633
EMP003,PJT011,2022-08-31,130.6391731567675,160,0.8164948322297969
EMP004,PJT021,2022-08-31,108.87333169002015,160,0.680458323062626
EMP005,PJT046,2022-08-31,69.70822610184067,160,0.4356764131365042
EMP006,PJT019,2022-08-31,87.04500758929765,160,0.5440312974331103
EMP007,PJT019,2022-08-31,130.456828701382,160,0.8153551793836374
EMP008,PJT037,2022-08-31,66.04754445594763,160,0.41279715284967267
EMP009,PJT018,2022-08-31,68.21821851527457,160,0.4263638657204661
EMP010,PJT033,2022-08-31,24.35351740870017,160,0.15220948380437607
EMP011,PJT044,2022-08-31,147.18766528326216,160,0.9199229080203886
EMP012,PJT007,2022-08-31,23.655447241816262,160,0.14784654526135163
EMP013,PJT009,2022-08-31,107.23137661728339,160,0.6701961038580212
EMP014,PJT049,2022-08-31,71.97917182041965,160,0.4498698238776228
EMP015,PJT027,2022-08-31,70.84290853831635,160,0.4427681783644772
EMP016,PJT004,2022-08-31,111.93277548590258,160,0.6995798467868911
EMP017,PJT018,2022-08-31,20.064059894481808,160,0.1254003743405113
EMP018,PJT042,2022-08-31,99.0558674427152,160,0.61909917151697
EMP019,PJT009,2022-08-31,125.80476789585322,160,0.7862797993490827
EMP020,PJT045,2022-08-31,134.23191368298913,160,0.838949460518682
EMP001,PJT009,2022-09-30,35.579558409066294,160,0.22237224005666434
EMP002,PJT016,2022-09-30,144.61285751172605,160,0.9038303594482878
EMP003,PJT010,2022-09-30,108.42191377711633,160,0.677636961106977
EMP004,PJT046,2022-09-30,142.27822012310241,160,0.8892388757693901
EMP005,PJT021,2022-09-30,82.79210756652974,160,0.5174506722908109
EMP006,PJT016,2022-09-30,91.3050017645803,160,0.5706562610286269
EMP007,PJT049,2022-09-30,147.85574155430066,160,0.9240983847143791
EMP008,PJT044,2022-09-30,144.98643150320078,160,0.9061651968950049
EMP009,PJT026,2022-09-30,77.2241310053503,160,0.4826508187834394
EMP010,PJT032,2022-09-30,51.161894745352264,160,0.31976184215845166
EMP011,PJT010,2022-09-30,68.97556518463962,160,0.43109728240399764
EMP012,PJT037,2022-09-30,68.16464927946245,160,0.4260290579966403
EMP013,PJT041,2022-09-30,53.030031247419096,160,0.33143769529636935
EMP014,PJT018,2022-09-30,50.28694064994499,160,0.31429337906215615
EMP015,PJT041,2022-09-30,139.1594404719579,160,0.8697465029497369
EMP016,PJT027,2022-09-30,20.47928810269925,160,0.12799555064187032
EMP017,PJT025,2022-09-30,111.64167731493912,160,0.6977604832183695
EMP018,PJT029,2022-09-30,35.923007718467844,160,0.22451879824042403
EMP019,PJT005,2022-09-30,61.67588400910949,160,0.3854742750569343
EMP020,PJT041,2022-09-30,19.23145512022553,160,0.12019659450140956
EMP001,PJT050,2022-10-31,50.49604552831931,160,0.3156002845519957
EMP002,PJT006,2022-10-31,125.26316066758632,160,0.7828947541724145
EMP003,PJT026,2022-10-31,142.7522986820888,160,0.8922018667630549
EMP004,PJT033,2022-10-31,43.22907278535506,160,0.2701817049084691
EMP005,PJT048,2022-10-31,79.53217588883828,160,0.49707609930523927
EMP006,PJT018,2022-10-31,80.54860719058095,160,0.5034287949411309
EMP007,PJT045,2022-10-31,141.03629586396013,160,0.8814768491497509
EMP008,PJT024,2022-10-31,124.41985793137081,160,0.7776241120710676
EMP009,PJT030,2022-10-31,86.96158275520747,160,0.5435098922200468
EMP010,PJT032,2022-10-31,110.61208007076601,160,0.6913255004422876
EMP011,PJT021,2022-10-31,137.10325808640502,160,0.8568953630400313
EMP012,PJT038,2022-10-31,11.43084310383174,160,0.07144276939894838
EMP013,PJT001,2022-10-31,70.43350465750729,160,0.44020940410942055
EMP014,PJT050,2022-10-31,146.0864750915618,160,0.9130404693222612
EMP015,PJT047,2022-10-31,121.04695462659271,160,0.7565434664162044
EMP016,PJT006,2022-10-31,91.4262061501112,160,0.571413788438195
EMP017,PJT047,2022-10-31,89.44667905527001,160,0.5590417440954376
EMP018,PJT030,2022-10-31,62.16551464066567,160,0.38853446650416046
EMP019,PJT041,2022-10-31,88.07808004622717,160,0.5504880002889199
EMP020,PJT043,2022-10-31,108.30747991951799,160,0.6769217494969875
EMP001,PJT045,2022-11-30,72.75445576431896,160,0.4547153485269935
EMP002,PJT023,2022-11-30,117.1229719588261,160,0.7320185747426631
EMP003,PJT005,2022-11-30,139.1848340890579,160,0.8699052130566118
EMP004,PJT035,2022-11-30,33.20272722772917,160,0.20751704517330732
EMP005,PJT026,2022-11-30,77.73205342261366,160,0.48582533389133536
EMP006,PJT014,2022-11-30,71.20301369276217,160,0.44501883557976357
EMP007,PJT028,2022-11-30,113.11972060745921,160,0.7069982537966201
EMP008,PJT014,2022-11-30,47.4801197886894,160,0.29675074867930873
EMP009,PJT032,2022-11-30,106.03763724284144,160,0.662735232767759
EMP010,PJT018,2022-11-30,141.6233862597232,160,0.88514616412327
EMP011,PJT021,2022-11-30,72.7197399690434,160,0.4544983748065213
EMP012,PJT019,2022-11-30,146.65235499688302,160,0.9165772187305189
EMP013,PJT022,2022-11-30,158.97456084002175,160,0.993591005250136
EMP014,PJT036,2022-11-30,25.91380749219281,160,0.16196129682620505
EMP015,PJT037,2022-11-30,44.95797819772879,160,0.28098736373580496
EMP016,PJT009,2022-11-30,152.55696272231398,160,0.9534810170144624
EMP017,PJT037,2022-11-30,153.749152972208,160,0.9609322060763
EMP018,PJT032,2022-11-30,24.656091308013774,160,0.1541005706750861
EMP019,PJT022,2022-11-30,12.249775056570503,160,0.07656109410356564
EMP020,PJT044,2022-11-30,34.16500348846334,160,0.21353127180289588
EMP001,PJT049,2022-12-31,159.40191750733726,160,0.9962619844208579
EMP002,PJT004,2022-12-31,36.99994249160303,160,0.23124964057251893
EMP003,PJT003,2022-12-31,85.38214100830348,160,0.5336383813018968
EMP004,PJT007,2022-12-31,137.26265896457664,160,0.8578916185286041
EMP005,PJT041,2022-12-31,13.060241603230951,160,0.08162651002019344
EMP006,PJT030,2022-12-31,100.67334733876892,160,0.6292084208673058
EMP007,PJT002,2022-12-31,51.55381733044365,160,0.3222113583152728
EMP008,PJT008,2022-12-31,139.35023746595974,160,0.8709389841622484
EMP009,PJT011,2022-12-31,52.519172389611875,160,0.3282448274350742
EMP010,PJT029,2022-12-31,113.01335804228634,160,0.7063334877642896
EMP011,PJT030,2022-12-31,111.13294486710954,160,0.6945809054194346
EMP012,PJT001,2022-12-31,43.224032328946,160,0.2701502020559125
EMP013,PJT028,2022-12-31,15.219879980252518,160,0.09512424987657823
EMP014,PJT013,2022-12-31,71.3874360678096,160,0.44617147542381
EMP015,PJT045,2022-12-31,53.378972794880454,160,0.3336185799680028
EMP016,PJT009,2022-12-31,131.3466624420563,160,0.8209166402628518
EMP017,PJT042,2022-12-31,130.0546282683018,160,0.8128414266768862
EMP018,PJT020,2022-12-31,78.55359282889383,160,0.49095995518058644
EMP019,PJT011,2022-12-31,100.97683379848284,160,0.6311052112405178
EMP020,PJT018,2022-12-31,100.63892739803877,160,0.6289932962377424
EMP001,PJT006,2023-01-31,134.0737222641435,160,0.8379607641508968
EMP002,PJT042,2023-01-31,73.75036211847963,160,0.4609397632404977
EMP003,PJT024,2023-01-31,51.31700196857636,160,0.32073126230360227
EMP004,PJT017,2023-01-31,49.75523772108212,160,0.31097023575676325
EMP005,PJT006,2023-01-31,90.42884189233062,160,0.5651802618270664
EMP006,PJT024,2023-01-31,77.37223040983189,160,0.4835764400614493
EMP007,PJT043,2023-01-31,76.01811564774043,160,0.4751132227983777
EMP008,PJT042,2023-01-31,23.670600863456084,160,0.14794125539660052
EMP009,PJT011,2023-01-31,117.79056110352934,160,0.7361910068970584
EMP010,PJT004,2023-01-31,42.06050319728661,160,0.2628781449830413
EMP011,PJT026,2023-01-31,39.543044531308205,160,0.24714402832067628
EMP012,PJT041,2023-01-31,71.91374804160901,160,0.4494609252600563
EMP013,PJT020,2023-01-31,44.166751242670216,160,0.27604219526668883
EMP014,PJT047,2023-01-31,97.57874009620231,160,0.6098671256012644
EMP015,PJT045,2023-01-31,65.71950090017073,160,0.41074688062606707
EMP016,PJT049,2023-01-31,77.33675838891851,160,0.4833547399307407
EMP017,PJT015,2023-01-31,90.57539824060433,160,0.566096239003777
EMP018,PJT028,2023-01-31,40.53032837227073,160,0.2533145523266921
EMP019,PJT042,2023-01-31,33.362743429829465,160,0.20851714643643415
EMP020,PJT006,2023-01-31,142.06328543104073,160,0.8878955339440046
EMP001,PJT046,2023-02-28,75.05855542471315,160,0.46911597140445715
EMP002,PJT007,2023-02-28,71.81404144488087,160,0.44883775903050543
EMP003,PJT001,2023-02-28,15.341822540926222,160,0.09588639088078889
EMP004,PJT014,2023-02-28,84.69644538810898,160,0.5293527836756812
EMP005,PJT031,2023-02-28,93.12545824165001,160,0.5820341140103126
EMP006,PJT005,2023-02-28,93.82613064319997,160,0.5864133165199998
EMP007,PJT009,2023-02-28,116.05467539843265,160,0.725341721240204
EMP008,PJT038,2023-02-28,36.62227524865177,160,0.22888922030407355
EMP009,PJT015,2023-02-28,47.83347013459282,160,0.29895918834120516
EMP010,PJT034,2023-02-28,131.6095697845619,160,0.8225598111535118
EMP011,PJT044,2023-02-28,152.0755925265091,160,0.9504724532906819
EMP012,PJT029,2023-02-28,30.389912105098094,160,0.18993695065686308
EMP013,PJT001,2023-02-28,84.64743317578272,160,0.529046457348642
EMP014,PJT001,2023-02-28,42.12643791093803,160,0.2632902369433627
EMP015,PJT045,2023-02-28,19.010975253247366,160,0.11881859533279604
EMP016,PJT022,2023-02-28,58.82550071892031,160,0.36765937949325195
EMP017,PJT008,2023-02-28,31.55314377763191,160,0.19720714861019945
EMP018,PJT028,2023-02-28,116.48996101513694,160,0.7280622563446059
EMP019,PJT045,2023-02-28,90.05881205071667,160,0.5628675753169792
EMP020,PJT009,2023-02-28,31.57517064854663,160,0.19734481655341646
EMP001,PJT031,2023-03-31,11.386238260827156,160,0.07116398913016972
EMP002,PJT005,2023-03-31,131.22355735363192,160,0.8201472334601995
EMP003,PJT015,2023-03-31,36.42916092463713,160,0.22768225577898207
EMP004,PJT025,2023-03-31,100.9324963331149,160,0.6308281020819682
EMP005,PJT006,2023-03-31,60.53828696151184,160,0.378364293509449
EMP006,PJT047,2023-03-31,97.82289074725534,160,0.6113930671703459
EMP007,PJT007,2023-03-31,57.3480440473486,160,0.35842527529592877
EMP008,PJT007,2023-03-31,23.040934103838126,160,0.1440058381489883
EMP009,PJT021,2023-03-31,43.44250128366304,160,0.271515633022894
EMP010,PJT024,2023-03-31,38.208784971861334,160,0.23880490607413335
EMP011,PJT020,2023-03-31,74.20290286594657,160,0.46376814291216606
EMP012,PJT009,2023-03-31,108.7425675139236,160,0.6796410469620225
EMP013,PJT025,2023-03-31,49.57091124195363,160,0.3098181952622102
EMP014,PJT050,2023-03-31,11.810490295092693,160,0.07381556434432933
EMP015,PJT049,2023-03-31,87.84060463971353,160,0.5490037789982096
EMP016,PJT009,2023-03-31,100.8639234038458,160,0.6303995212740363
EMP017,PJT042,2023-03-31,154.43057410027146,160,0.9651910881266966
EMP018,PJT044,2023-03-31,98.42062046398702,160,0.6151288778999189
EMP019,PJT010,2023-03-31,80.67588390672128,160,0.504224274417008
EMP020,PJT005,2023-03-31,96.01024388465558,160,0.6000640242790973
EMP001,PJT034,2023-04-30,149.18509447930407,160,0.9324068404956505
EMP002,PJT037,2023-04-30,134.25672184024694,160,0.8391045115015434
EMP003,PJT001,2023-04-30,58.4468100045712,160,0.36529256252857
EMP004,PJT040,2023-04-30,45.588154548570586,160,0.28492596592856617
EMP005,PJT042,2023-04-30,49.39504185491104,160,0.30871901159319404
EMP006,PJT011,2023-04-30,85.66315595728196,160,0.5353947247330122
EMP007,PJT029,2023-04-30,121.60741768428667,160,0.7600463605267918
EMP008,PJT023,2023-04-30,85.48288107744432,160,0.534268006734027
EMP009,PJT047,2023-04-30,20.16945937421689,160,0.12605912108885556
EMP010,PJT014,2023-04-30,118.53710506599714,160,0.7408569066624822
EMP011,PJT041,2023-04-30,130.89551930064306,160,0.8180969956290192
EMP012,PJT048,2023-04-30,53.42467976795795,160,0.33390424854973716
EMP013,PJT010,2023-04-30,109.61886089250255,160,0.6851178805781409
EMP014,PJT027,2023-04-30,73.988785158159,160,0.46242990723849375
EMP015,PJT040,2023-04-30,143.3679033591164,160,0.8960493959944775
EMP016,PJT044,2023-04-30,136.783833724111,160,0.8548989607756937
EMP017,PJT029,2023-04-30,88.81479974644634,160,0.5550924984152896
EMP018,PJT014,2023-04-30,113.72583187203917,160,0.7107864492002448
EMP019,PJT006,2023-04-30,142.5024551533156,160,0.8906403447082225
EMP020,PJT007,2023-04-30,84.35755151174132,160,0.5272346969483832
EMP001,PJT009,2023-05-31,56.98761107332329,160,0.35617256920827056
EMP002,PJT049,2023-05-31,123.04992068643719,160,0.7690620042902324
EMP003,PJT008,2023-05-31,43.00993821770376,160,0.2688121138606485
EMP004,PJT038,2023-05-31,68.2796722009063,160,0.4267479512556644
EMP005,PJT047,2023-05-31,139.85908556601905,160,0.874119284787619
EMP006,PJT025,2023-05-31,118.66335104039726,160,0.7416459440024828
EMP007,PJT023,2023-05-31,70.5716507871249,160,0.4410728174195306
EMP008,PJT028,2023-05-31,42.21167536125361,160,0.2638229710078351
EMP009,PJT021,2023-05-31,63.39525862483548,160,0.39622036640522174
EMP010,PJT009,2023-05-31,52.61562238411495,160,0.3288476399007184
EMP011,PJT016,2023-05-31,36.41339319157809,160,0.22758370744736306
EMP012,PJT018,2023-05-31,121.4999370348485,160,0.7593746064678031
EMP013,PJT042,2023-05-31,47.81048302752573,160,0.2988155189220358
EMP014,PJT006,2023-05-31,78.12512052516458,160,0.4882820032822786
EMP015,PJT016,2023-05-31,67.87891702541636,160,0.42424323140885223
EMP016,PJT036,2023-05-31,157.31160679534463,160,0.983197542470904
EMP017,PJT039,2023-05-31,68.66383662223308,160,0.42914897888895676
EMP018,PJT039,2023-05-31,21.99737241951322,160,0.13748357762195762
EMP019,PJT047,2023-05-31,23.473862885812604,160,0.14671164303632878
EMP020,PJT039,2023-05-31,98.61305820295972,160,0.6163316137684982
EMP001,PJT019,2023-06-30,99.90453276073984,160,0.624403329754624
EMP002,PJT050,2023-06-30,72.81384857239824,160,0.455086553577489
EMP003,PJT045,2023-06-30,74.77655384680445,160,0.46735346154252777
EMP004,PJT002,2023-06-30,18.08988742613068,160,0.11306179641331675
EMP005,PJT043,2023-06-30,87.48197655838933,160,0.5467623534899333
EMP006,PJT020,2023-06-30,85.71092130705276,160,0.5356932581690798
EMP007,PJT014,2023-06-30,32.43239778354168,160,0.2027024861471355
EMP008,PJT034,2023-06-30,25.57590791663914,160,0.1598494244789946
EMP009,PJT039,2023-06-30,28.535873589923575,160,0.17834920993702236
EMP010,PJT033,2023-06-30,25.15423697368878,160,0.15721398108555487
EMP011,PJT013,2023-06-30,101.45622933051398,160,0.6341014333157123
EMP012,PJT048,2023-06-30,39.472397860437795,160,0.24670248662773622
EMP013,PJT026,2023-06-30,47.71452282811952,160,0.298215767675747
EMP014,PJT019,2023-06-30,36.03582162271596,160,0.22522388514197472
EMP015,PJT042,2023-06-30,153.67529566727546,160,0.9604705979204716
EMP016,PJT004,2023-06-30,138.1926194727753,160,0.8637038717048456
EMP017,PJT016,2023-06-30,44.574225602728134,160,0.27858891001705083
EMP018,PJT032,2023-06-30,59.134944088318896,160,0.3695934005519931
EMP019,PJT025,2023-06-30,41.48392634574957,160,0.25927453966093483
EMP020,PJT008,2023-06-30,83.78139391912356,160,0.5236337119945222
EMP001,PJT016,2023-07-31,12.941579871138039,160,0.08088487419461274
EMP002,PJT032,2023-07-31,110.70520133451936,160,0.691907508340746
EMP003,PJT041,2023-07-31,88.47372247264624,160,0.552960765454039
EMP004,PJT039,2023-07-31,144.7958392451655,160,0.9049739952822844
EMP005,PJT005,2023-07-31,34.65890264926212,160,0.21661814155788822
EMP006,PJT034,2023-07-31,130.61638690916976,160,0.816352418182311
EMP007,PJT001,2023-07-31,128.79415217000735,160,0.804963451062546
EMP008,PJT024,2023-07-31,29.077178382533038,160,0.1817323648908315
EMP009,PJT021,2023-07-31,69.78388362161914,160,0.4361492726351196
EMP010,PJT009,2023-07-31,35.52289617167753,160,0.22201810107298456
EMP011,PJT025,2023-07-31,48.20807506863233,160,0.3013004691789521
EMP012,PJT037,2023-07-31,49.48692622458165,160,0.30929328890363533
EMP013,PJT027,2023-07-31,93.43545910386591,160,0.583971619399162
EMP014,PJT024,2023-07-31,71.71163976406982,160,0.44819774852543637
EMP015,PJT035,2023-07-31,152.1599206009458,160,0.9509995037559114
EMP016,PJT044,2023-07-31,28.95552129205077,160,0.1809720080753173
EMP017,PJT012,2023-07-31,156.05382022752983,160,0.9753363764220614
EMP018,PJT049,2023-07-31,44.59579603213959,160,0.2787237252008724
EMP019,PJT031,2023-07-31,125.93109045727796,160,0.7870693153579873
EMP020,PJT050,2023-07-31,60.84548892592321,160,0.3802843057870201
EMP001,PJT005,2023-08-31,31.462209312597086,160,0.19663880820373178
EMP002,PJT002,2023-08-31,138.68337778693598,160,0.8667711111683498
EMP003,PJT038,2023-08-31,56.32913488546948,160,0.35205709303418425
EMP004,PJT005,2023-08-31,108.82831063402632,160,0.6801769414626645
EMP005,PJT001,2023-08-31,94.96655276299398,160,0.5935409547687124
EMP006,PJT017,2023-08-31,80.76344640863115,160,0.5047715400539448
EMP007,PJT014,2023-08-31,84.37292089728086,160,0.5273307556080054
EMP008,PJT003,2023-08-31,119.83568711384314,160,0.7489730444615196
EMP009,PJT004,2023-08-31,23.165937118516084,160,0.14478710699072553
EMP010,PJT026,2023-08-31,110.22709929368577,160,0.6889193705855361
EMP011,PJT033,2023-08-31,144.3718152097868,160,0.9023238450611675
EMP012,PJT019,2023-08-31,18.668229552979625,160,0.11667643470612266
EMP013,PJT041,2023-08-31,31.098000885050013,160,0.1943625055315626
EMP014,PJT046,2023-08-31,117.4947905053047,160,0.7343424406581545
EMP015,PJT033,2023-08-31,75.59224723669263,160,0.4724515452293289
EMP016,PJT050,2023-08-31,70.53229312205326,160,0.4408268320128329
EMP017,PJT027,2023-08-31,30.54499518163538,160,0.1909062198852211
EMP018,PJT028,2023-08-31,86.01550610766822,160,0.5375969131729263
EMP019,PJT045,2023-08-31,28.981796679456586,160,0.18113622924660366
EMP020,PJT026,2023-08-31,81.49306844658106,160,0.5093316777911316
EMP001,PJT006,2023-09-30,124.5422948442485,160,0.7783893427765531
EMP002,PJT041,2023-09-30,48.73965368307453,160,0.3046228355192158
EMP003,PJT035,2023-09-30,82.1179252269591,160,0.5132370326684944
EMP004,PJT035,2023-09-30,158.80239540952536,160,0.9925149713095335
EMP005,PJT040,2023-09-30,112.99756350310558,160,0.7062347718944099
EMP006,PJT010,2023-09-30,136.2035156957798,160,0.8512719730986238
EMP007,PJT018,2023-09-30,72.22714098408187,160,0.4514196311505117
EMP008,PJT006,2023-09-30,125.17913846887829,160,0.7823696154304893
EMP009,PJT020,2023-09-30,16.076375941198275,160,0.10047734963248922
EMP010,PJT006,2023-09-30,28.436677381336747,160,0.17772923363335466
EMP011,PJT033,2023-09-30,40.46058893800932,160,0.25287868086255827
EMP012,PJT014,2023-09-30,70.29278869228293,160,0.4393299293267683
EMP013,PJT010,2023-09-30,136.86173174886449,160,0.855385823430403
EMP014,PJT035,2023-09-30,61.93990761818957,160,0.38712442261368485
EMP015,PJT021,2023-09-30,108.19317902731943,160,0.6762073689207464
EMP016,PJT026,2023-09-30,116.3971442205225,160,0.7274821513782657
EMP017,PJT038,2023-09-30,97.92735311325121,160,0.61204595695782
EMP018,PJT041,2023-09-30,63.58629522552043,160,0.3974143451595027
EMP019,PJT049,2023-09-30,96.55800125703165,160,0.6034875078564478
EMP020,PJT042,2023-09-30,61.339838918461936,160,0.3833739932403871
EMP001,PJT044,2023-10-31,22.581060782801814,160,0.14113162989251132
EMP002,PJT042,2023-10-31,158.92059672790216,160,0.9932537295493885
EMP003,PJT005,2023-10-31,29.077368044876636,160,0.18173355028047897
EMP004,PJT020,2023-10-31,20.8522575754086,160,0.13032660984630376
EMP005,PJT045,2023-10-31,141.77961238107338,160,0.8861225773817086
EMP006,PJT028,2023-10-31,55.275199133934265,160,0.34546999458708916
EMP007,PJT047,2023-10-31,107.54454611102614,160,0.6721534131939133
EMP008,PJT016,2023-10-31,59.350859449334926,160,0.37094287155834327
EMP009,PJT004,2023-10-31,68.71814061917067,160,0.42948837886981667
EMP010,PJT016,2023-10-31,49.31694580251948,160,0.30823091126574675
EMP011,PJT006,2023-10-31,61.45660086895153,160,0.3841037554309471
EMP012,PJT028,2023-10-31,71.60506008798146,160,0.4475316255498841
EMP013,PJT008,2023-10-31,118.06241036385144,160,0.7378900647740715
EMP014,PJT030,2023-10-31,86.73042913521877,160,0.5420651820951173
EMP015,PJT040,2023-10-31,151.53478257354655,160,0.9470923910846659
EMP016,PJT039,2023-10-31,16.282059075816328,160,0.10176286922385205
EMP017,PJT004,2023-10-31,85.46024839480422,160,0.5341265524675264
EMP018,PJT020,2023-10-31,97.63371832475772,160,0.6102107395297358
EMP019,PJT043,2023-10-31,148.0295479111411,160,0.9251846744446318
EMP020,PJT048,2023-10-31,17.373778543214137,160,0.10858611589508835
EMP001,PJT043,2023-11-30,96.0249377402824,160,0.600155860876765
EMP002,PJT048,2023-11-30,138.04448927919356,160,0.8627780579949598
EMP003,PJT012,2023-11-30,46.289159217885484,160,0.2893072451117843
EMP004,PJT008,2023-11-30,141.4438522785906,160,0.8840240767411913
EMP005,PJT001,2023-11-30,12.856511391143773,160,0.08035319619464858
EMP006,PJT046,2023-11-30,119.86819437005946,160,0.7491762148128716
EMP007,PJT009,2023-11-30,149.96698317529794,160,0.9372936448456122
EMP008,PJT045,2023-11-30,108.57964924600934,160,0.6786228077875583
EMP009,PJT001,2023-11-30,75.85438659706719,160,0.47408991623166996
EMP010,PJT011,2023-11-30,16.732152470907703,160,0.10457595294317315
EMP011,PJT032,2023-11-30,148.0170719983943,160,0.9251066999899644
EMP012,PJT023,2023-11-30,80.54443340373622,160,0.5034027087733514
EMP013,PJT034,2023-11-30,14.349511650392202,160,0.08968444781495126
EMP014,PJT034,2023-11-30,113.47316069931429,160,0.7092072543707143
EMP015,PJT047,2023-11-30,82.27558803643872,160,0.514222425227742
EMP016,PJT017,2023-11-30,28.65179761636161,160,0.17907373510226005
EMP017,PJT011,2023-11-30,42.14077139653894,160,0.26337982122836834
EMP018,PJT024,2023-11-30,19.67360206837694,160,0.12296001292735588
EMP019,PJT009,2023-11-30,96.14403095628603,160,0.6009001934767877
EMP020,PJT048,2023-11-30,103.30442188780138,160,0.6456526367987586
EMP001,PJT050,2023-12-31,85.86134475331666,160,0.5366334047082291
EMP002,PJT018,2023-12-31,132.56531995039222,160,0.8285332496899513
EMP003,PJT047,2023-12-31,139.15132319620204,160,0.8696957699762627
EMP004,PJT008,2023-12-31,102.343659502469,160,0.6396478718904313
EMP005,PJT050,2023-12-31,11.913471956114583,160,0.07445919972571614
EMP006,PJT002,2023-12-31,114.28444836216035,160,0.7142778022635021
EMP007,PJT022,2023-12-31,72.69988253805273,160,0.4543742658628296
EMP008,PJT028,2023-12-31,94.83362248395805,160,0.5927101405247378
EMP009,PJT018,2023-12-31,107.36209030283266,160,0.6710130643927041
EMP010,PJT034,2023-12-31,62.53549214906151,160,0.39084682593163445
EMP011,PJT005,2023-12-31,147.56477577576914,160,0.922279848598557
EMP012,PJT017,2023-12-31,30.09623001246718,160,0.1881014375779199
EMP013,PJT046,2023-12-31,110.72677109215562,160,0.6920423193259726
EMP014,PJT037,2023-12-31,10.653936993487065,160,0.06658710620929416
EMP015,PJT041,2023-12-31,148.69766581077712,160,0.929360411317357
EMP016,PJT005,2023-12-31,26.875619985713726,160,0.1679726249107108
EMP017,PJT032,2023-12-31,24.232634522136195,160,0.1514539657633512
EMP018,PJT030,2023-12-31,59.95114495783663,160,0.37469465598647894
EMP019,PJT033,2023-12-31,66.0349429058621,160,0.4127183931616381
EMP020,PJT024,2023-12-31,42.145010848431795,160,0.26340631780269874
EMP001,PJT004,2024-01-31,97.7682491390687,160,0.6110515571191794
EMP002,PJT032,2024-01-31,76.43711470629454,160,0.47773196691434083
EMP003,PJT037,2024-01-31,15.126338356163114,160,0.09453961472601946
EMP004,PJT011,2024-01-31,57.947809338295095,160,0.3621738083643443
EMP005,PJT024,2024-01-31,131.56493703597556,160,0.8222808564748473
EMP006,PJT011,2024-01-31,113.45523022928029,160,0.7090951889330018
EMP007,PJT017,2024-01-31,118.73062803698207,160,0.742066425231138
EMP008,PJT050,2024-01-31,114.71753861252853,160,0.7169846163283033
EMP009,PJT007,2024-01-31,56.645953207454994,160,0.35403720754659374
EMP010,PJT037,2024-01-31,24.949588311516383,160,0.1559349269469774
EMP011,PJT044,2024-01-31,50.8700776049644,160,0.3179379850310275
EMP012,PJT047,2024-01-31,134.7677950277739,160,0.8422987189235869
EMP013,PJT008,2024-01-31,157.07061966746068,160,0.9816913729216292
EMP014,PJT015,2024-01-31,84.0770522112342,160,0.5254815763202138
EMP015,PJT048,2024-01-31,11.455053238456333,160,0.07159408274035209
EMP016,PJT033,2024-01-31,31.006721820134356,160,0.19379201137583973
EMP017,PJT001,2024-01-31,58.31208629743987,160,0.3644505393589992
EMP018,PJT003,2024-01-31,96.78780228894246,160,0.6049237643058903
EMP019,PJT001,2024-01-31,21.264046870797095,160,0.13290029294248185
EMP020,PJT016,2024-01-31,151.50359480648225,160,0.9468974675405141
EMP001,PJT003,2024-02-29,64.76255099266011,160,0.40476594370412566
EMP002,PJT031,2024-02-29,146.88763268872344,160,0.9180477043045215
EMP003,PJT024,2024-02-29,127.07827041355327,160,0.7942391900847079
EMP004,PJT025,2024-02-29,123.31559087733717,160,0.7707224429833573
EMP005,PJT010,2024-02-29,101.0079369673348,160,0.6312996060458425
EMP006,PJT012,2024-02-29,104.01757255777669,160,0.6501098284861043
EMP007,PJT003,2024-02-29,105.70048528243721,160,0.6606280330152325
EMP008,PJT036,2024-02-29,104.30820805383732,160,0.6519263003364832
EMP009,PJT046,2024-02-29,93.0592347097542,160,0.5816202169359637
EMP010,PJT048,2024-02-29,157.96210277243333,160,0.9872631423277083
EMP011,PJT042,2024-02-29,119.84358511385442,160,0.7490224069615901
EMP012,PJT027,2024-02-29,126.54195825887818,160,0.7908872391179886
EMP013,PJT015,2024-02-29,140.86942226255113,160,0.8804338891409446
EMP014,PJT021,2024-02-29,42.34596440887738,160,0.2646622775554836
EMP015,PJT016,2024-02-29,22.57062386425912,160,0.1410663991516195
EMP016,PJT027,2024-02-29,82.43416548978979,160,0.5152135343111862
EMP017,PJT047,2024-02-29,87.11210434289097,160,0.5444506521430685
EMP018,PJT021,2024-02-29,134.37726699248765,160,0.8398579187030478
EMP019,PJT018,2024-02-29,76.56753689235035,160,0.47854710557718966
EMP020,PJT005,2024-02-29,95.6279538316469,160,0.5976747114477932
EMP001,PJT037,2024-03-31,89.06064077701875,160,0.5566290048563671
EMP002,PJT024,2024-03-31,15.730417563608658,160,0.09831510977255412
EMP003,PJT008,2024-03-31,102.2822344895371,160,0.6392639655596069
EMP004,PJT033,2024-03-31,134.20649286613784,160,0.8387905804133615
EMP005,PJT044,2024-03-31,33.625082211370575,160,0.2101567638210661
EMP006,PJT004,2024-03-31,99.14976008898937,160,0.6196860005561835
EMP007,PJT012,2024-03-31,99.04158166696216,160,0.6190098854185135
EMP008,PJT015,2024-03-31,34.62774460845381,160,0.2164234038028363
EMP009,PJT034,2024-03-31,28.519536059610402,160,0.17824710037256503
EMP010,PJT003,2024-03-31,157.0077914464727,160,0.9812986965404544
EMP011,PJT026,2024-03-31,69.05787544795564,160,0.4316117215497227
EMP012,PJT005,2024-03-31,44.11325930852939,160,0.2757078706783087
EMP013,PJT030,2024-03-31,35.69868166815624,160,0.2231167604259765
EMP014,PJT019,2024-03-31,110.14025703748526,160,0.6883766064842829
EMP015,PJT050,2024-03-31,101.41679459909182,160,0.6338549662443238
EMP016,PJT020,2024-03-31,106.53281844811262,160,0.6658301153007039
EMP017,PJT021,2024-03-31,23.200904126717838,160,0.1450056507919865
EMP018,PJT006,2024-03-31,144.03018752476555,160,0.9001886720297847
EMP019,PJT036,2024-03-31,68.38995952135724,160,0.42743724700848273
EMP020,PJT030,2024-03-31,57.00541096455369,160,0.3562838185284606
EMP001,PJT001,2024-04-30,79.35421708716088,160,0.49596385679475546
EMP002,PJT024,2024-04-30,68.50990986214424,160,0.4281869366384015
EMP003,PJT013,2024-04-30,139.53655047087187,160,0.8721034404429492
EMP004,PJT019,2024-04-30,149.3891462796838,160,0.9336821642480239
EMP005,PJT037,2024-04-30,55.51798246744093,160,0.34698739042150584
EMP006,PJT020,2024-04-30,139.59037111899323,160,0.8724398194937077
EMP007,PJT048,2024-04-30,127.22846942996007,160,0.7951779339372504
EMP008,PJT040,2024-04-30,149.62115085171428,160,0.9351321928232142
EMP009,PJT016,2024-04-30,46.86254682788317,160,0.29289091767426984
EMP010,PJT030,2024-04-30,96.54387251814687,160,0.6033992032384179
EMP011,PJT024,2024-04-30,51.181687711066694,160,0.3198855481941668
EMP012,PJT038,2024-04-30,133.6141735726561,160,0.8350885848291008
EMP013,PJT032,2024-04-30,10.798628585659639,160,0.06749142866037275
EMP014,PJT050,2024-04-30,94.72287443295942,160,0.5920179652059964
EMP015,PJT050,2024-04-30,60.8805146907877,160,0.3805032168174231
EMP016,PJT013,2024-04-30,58.40255606167304,160,0.3650159753854565
EMP017,PJT047,2024-04-30,106.73594857973755,160,0.6670996786233597
EMP018,PJT035,2024-04-30,137.7226673970991,160,0.8607666712318693
EMP019,PJT049,2024-04-30,101.37930870899893,160,0.6336206794312433
EMP020,PJT016,2024-04-30,137.97594679700836,160,0.8623496674813023
EMP001,PJT010,2024-05-31,49.68956678215449,160,0.3105597923884656
EMP002,PJT001,2024-05-31,87.92527821474717,160,0.5495329888421698
EMP003,PJT027,2024-05-31,77.5804808600614,160,0.4848780053753837
EMP004,PJT002,2024-05-31,11.746734925464432,160,0.0734170932841527
EMP005,PJT015,2024-05-31,93.52182147111102,160,0.5845113841944439
EMP006,PJT035,2024-05-31,109.22864862192624,160,0.682679053887039
EMP007,PJT023,2024-05-31,98.78716066286052,160,0.6174197541428782
EMP008,PJT041,2024-05-31,120.44198481751322,160,0.7527624051094576
EMP009,PJT045,2024-05-31,95.70092926796157,160,0.5981308079247598
EMP010,PJT001,2024-05-31,20.01253822761354,160,0.12507836392258462
EMP011,PJT022,2024-05-31,27.466828612706713,160,0.17166767882941697
EMP012,PJT001,2024-05-31,99.47118663159286,160,0.6216949164474553
EMP013,PJT049,2024-05-31,51.246878796046026,160,0.32029299247528764
EMP014,PJT043,2024-05-31,21.946769355214876,160,0.13716730847009298
EMP015,PJT025,2024-05-31,74.44041151728202,160,0.4652525719830126
EMP016,PJT048,2024-05-31,93.14838971254831,160,0.582177435703427
EMP017,PJT047,2024-05-31,59.31189825244098,160,0.37069936407775617
EMP018,PJT020,2024-05-31,118.0650553338667,160,0.7379065958366668
EMP019,PJT007,2024-05-31,106.5655912151867,160,0.6660349450949169
EMP020,PJT014,2024-05-31,59.922754163750795,160,0.37451721352344247
EMP001,PJT034,2024-06-30,123.23087933628409,160,0.7701929958517756
EMP002,PJT016,2024-06-30,107.30425637995532,160,0.6706516023747208
EMP003,PJT027,2024-06-30,105.61680680768531,160,0.6601050425480331
EMP004,PJT032,2024-06-30,93.0141551180602,160,0.5813384694878763
EMP005,PJT004,2024-06-30,11.70845021328292,160,0.07317781383301825
EMP006,PJT010,2024-06-30,114.47607752153337,160,0.7154754845095835
EMP007,PJT046,2024-06-30,66.40626866637348,160,0.41503917916483424
EMP008,PJT018,2024-06-30,151.39145652379833,160,0.9461966032737396
EMP009,PJT006,2024-06-30,132.6977156615808,160,0.8293607228848799
EMP010,PJT003,2024-06-30,98.15417042969683,160,0.6134635651856052
EMP011,PJT015,2024-06-30,47.82729727289041,160,0.2989206079555651
EMP012,PJT034,2024-06-30,40.557608991649985,160,0.2534850561978124
EMP013,PJT027,2024-06-30,61.05772565163237,160,0.3816107853227023
EMP014,PJT045,2024-06-30,81.48519153700278,160,0.5092824471062674
EMP015,PJT024,2024-06-30,54.40982650584206,160,0.3400614156615129
EMP016,PJT030,2024-06-30,87.23942430887242,160,0.5452464019304526
EMP017,PJT048,2024-06-30,34.80556382697789,160,0.2175347739186118
EMP018,PJT006,2024-06-30,156.656921923825,160,0.9791057620239062
EMP019,PJT038,2024-06-30,26.18868324474908,160,0.16367927027968174
EMP020,PJT007,2024-06-30,149.7916209481558,160,0.9361976309259739
EMP001,PJT033,2024-07-31,147.03670171040423,160,0.9189793856900265
EMP002,PJT009,2024-07-31,88.8040722729247,160,0.5550254517057793
EMP003,PJT041,2024-07-31,118.73654077541265,160,0.742103379846329
EMP004,PJT026,2024-07-31,75.40724469588817,160,0.47129527934930104
EMP005,PJT005,2024-07-31,104.50518663136573,160,0.6531574164460359
EMP006,PJT038,2024-07-31,61.0863906131678,160,0.38178994133229877
EMP007,PJT037,2024-07-31,55.1738529678168,160,0.344836581048855
EMP008,PJT004,2024-07-31,96.73446792542705,160,0.6045904245339191
EMP009,PJT028,2024-07-31,84.71945112759705,160,0.5294965695474816
EMP010,PJT043,2024-07-31,96.93045537249716,160,0.6058153460781073
EMP011,PJT009,2024-07-31,52.99908719305345,160,0.33124429495658403
EMP012,PJT016,2024-07-31,65.04367477254928,160,0.406522967328433
EMP013,PJT019,2024-07-31,22.584694094336395,160,0.14115433808960248
EMP014,PJT017,2024-07-31,17.841455840830857,160,0.11150909900519286
EMP015,PJT021,2024-07-31,48.01856945095244,160,0.30011605906845273
EMP016,PJT026,2024-07-31,21.137028899581864,160,0.13210643062238664
EMP017,PJT045,2024-07-31,25.566206295211103,160,0.1597887893450694
EMP018,PJT048,2024-07-31,131.93926080909057,160,0.824620380056816
EMP019,PJT021,2024-07-31,15.831054552503396,160,0.09894409095314623
EMP020,PJT021,2024-07-31,108.84141909021142,160,0.6802588693138214
EMP001,PJT029,2024-08-31,50.88366232231008,160,0.318022889514438
EMP002,PJT018,2024-08-31,140.73185210621895,160,0.8795740756638685
EMP003,PJT015,2024-08-31,82.74884268662493,160,0.5171802667914058
EMP004,PJT005,2024-08-31,55.83646889917386,160,0.3489779306198366
EMP005,PJT013,2024-08-31,87.64584035341518,160,0.5477865022088448
EMP006,PJT009,2024-08-31,67.29370285679033,160,0.4205856428549396
EMP007,PJT050,2024-08-31,94.64515970047454,160,0.5915322481279659
EMP008,PJT050,2024-08-31,27.179930248952235,160,0.16987456405595147
EMP009,PJT038,2024-08-31,159.54857542188267,160,0.9971785963867668
EMP010,PJT007,2024-08-31,73.83338165450763,160,0.4614586353406727
EMP011,PJT010,2024-08-31,62.2345959561053,160,0.3889662247256581
EMP012,PJT007,2024-08-31,116.53147724743974,160,0.7283217327964984
EMP013,PJT011,2024-08-31,64.58491097429987,160,0.4036556935893742
EMP014,PJT029,2024-08-31,134.99114575431366,160,0.8436946609644604
EMP015,PJT030,2024-08-31,78.14060865406378,160,0.48837880408789863
EMP016,PJT021,2024-08-31,117.93376198981524,160,0.7370860124363452
EMP017,PJT027,2024-08-31,26.11798246628298,160,0.16323739041426863
EMP018,PJT008,2024-08-31,136.91787783326677,160,0.8557367364579174
EMP019,PJT035,2024-08-31,120.35769801671648,160,0.752235612604478
EMP020,PJT023,2024-08-31,41.75751676929485,160,0.2609844798080928
EMP001,PJT050,2024-09-30,31.792901461868,160,0.198705634136675
EMP002,PJT014,2024-09-30,57.44385230884366,160,0.3590240769302729
EMP003,PJT029,2024-09-30,156.41058790478564,160,0.9775661744049102
EMP004,PJT020,2024-09-30,48.52473618505879,160,0.30327960115661745
EMP005,PJT030,2024-09-30,78.419081341995,160,0.4901192583874687
EMP006,PJT017,2024-09-30,14.503033857600446,160,0.0906439616100028
EMP007,PJT008,2024-09-30,69.58412943493488,160,0.434900808968343
EMP008,PJT006,2024-09-30,95.69800231496541,160,0.5981125144685338
EMP009,PJT011,2024-09-30,152.96869187619475,160,0.9560543242262172
EMP010,PJT044,2024-09-30,87.51040674100966,160,0.5469400421313104
EMP011,PJT020,2024-09-30,132.86609892665317,160,0.8304131182915823
EMP012,PJT046,2024-09-30,92.06914638533509,160,0.5754321649083443
EMP013,PJT045,2024-09-30,16.117752015327717,160,0.10073595009579824
EMP014,PJT039,2024-09-30,57.251241278466104,160,0.35782025799041317
EMP015,PJT003,2024-09-30,96.33242617466549,160,0.6020776635916593
EMP016,PJT014,2024-09-30,152.58909488966864,160,0.953681843060429
EMP017,PJT021,2024-09-30,138.869553962685,160,0.8679347122667812
EMP018,PJT010,2024-09-30,44.25334212682715,160,0.2765833882926697
EMP019,PJT006,2024-09-30,43.01647450287453,160,0.2688529656429658
EMP020,PJT046,2024-09-30,40.17594506708511,160,0.2510996566692819
EMP001,PJT016,2024-10-31,148.37483444537548,160,0.9273427152835968
EMP002,PJT023,2024-10-31,137.8999229652581,160,0.8618745185328631
EMP003,PJT026,2024-10-31,126.23251483794232,160,0.7889532177371394
EMP004,PJT033,2024-10-31,68.91026713363414,160,0.43068916958521336
EMP005,PJT004,2024-10-31,85.65710564481502,160,0.5353569102800939
EMP006,PJT044,2024-10-31,79.64976171927292,160,0.49781101074545575
EMP007,PJT020,2024-10-31,48.0097161339059,160,0.30006072583691185
EMP008,PJT017,2024-10-31,85.75420692231505,160,0.5359637932644691
EMP009,PJT012,2024-10-31,14.574482177913168,160,0.0910905136119573
EMP010,PJT002,2024-10-31,29.771556024618874,160,0.18607222515386795
EMP011,PJT026,2024-10-31,142.98843942534197,160,0.8936777464083873
EMP012,PJT029,2024-10-31,122.7519650547135,160,0.7671997815919593
EMP013,PJT036,2024-10-31,73.43026135886306,160,0.45893913349289417
EMP014,PJT048,2024-10-31,87.57255434258158,160,0.5473284646411349
EMP015,PJT036,2024-10-31,65.49983289399661,160,0.4093739555874788
EMP016,PJT016,2024-10-31,121.11698007410087,160,0.7569811254631305
EMP017,PJT007,2024-10-31,127.62807688481193,160,0.7976754805300745
EMP018,PJT030,2024-10-31,124.49277853047387,160,0.7780798658154617
EMP019,PJT007,2024-10-31,118.39175872516743,160,0.7399484920322965
EMP020,PJT009,2024-10-31,40.675650803919375,160,0.2542228175244961
EMP001,PJT008,2024-11-30,60.695496886071815,160,0.37934685553794883
EMP002,PJT001,2024-11-30,80.47681524755124,160,0.5029800952971952
EMP003,PJT004,2024-11-30,59.618948714148345,160,0.37261842946342716
EMP004,PJT050,2024-11-30,123.24103002374935,160,0.7702564376484334
EMP005,PJT015,2024-11-30,59.4030286374932,160,0.3712689289843325
EMP006,PJT009,2024-11-30,30.734813017800573,160,0.19209258136125357
EMP007,PJT013,2024-11-30,69.85606780724561,160,0.4366004237952851
EMP008,PJT026,2024-11-30,156.98716491735706,160,0.9811697807334816
EMP009,PJT024,2024-11-30,43.882211940036385,160,0.2742638246252274
EMP010,PJT044,2024-11-30,101.82379884148436,160,0.6363987427592772
EMP011,PJT041,2024-11-30,74.94595747595595,160,0.46841223422472467
EMP012,PJT042,2024-11-30,20.653685147398996,160,0.12908553217124372
EMP013,PJT006,2024-11-30,83.18149089970892,160,0.5198843181231807
EMP014,PJT038,2024-11-30,115.32464929724686,160,0.7207790581077929
EMP015,PJT038,2024-11-30,86.98299637417281,160,0.5436437273385801
EMP016,PJT017,2024-11-30,140.81590956198716,160,0.8800994347624197
EMP017,PJT005,2024-11-30,53.34055249863739,160,0.33337845311648373
EMP018,PJT002,2024-11-30,22.93737569559474,160,0.14335859809746712
EMP019,PJT005,2024-11-30,150.48484174870092,160,0.9405302609293807
EMP020,PJT013,2024-11-30,66.72945242923285,160,0.41705907768270534
EMP001,PJT042,2024-12-31,96.46083271804501,160,0.6028802044877813
EMP002,PJT029,2024-12-31,128.8004689195294,160,0.8050029307470588
EMP003,PJT009,2024-12-31,58.647049581337086,160,0.3665440598833568
EMP004,PJT006,2024-12-31,117.42468072664167,160,0.7339042545415104
EMP005,PJT022,2024-12-31,30.312827472674204,160,0.18945517170421378
EMP006,PJT008,2024-12-31,53.69406208082579,160,0.33558788800516115
EMP007,PJT003,2024-12-31,31.706595420477985,160,0.1981662213779874
EMP008,PJT030,2024-12-31,131.68458376020368,160,0.823028648501273
EMP009,PJT004,2024-12-31,43.39738528401781,160,0.2712336580251113
EMP010,PJT011,2024-12-31,117.61053331078155,160,0.7350658331923847
EMP011,PJT037,2024-12-31,151.4947595868479,160,0.9468422474177993
EMP012,PJT028,2024-12-31,89.16583136033155,160,0.5572864460020722
EMP013,PJT047,2024-12-31,91.00437883910315,160,0.5687773677443947
EMP014,PJT026,2024-12-31,79.15503521467181,160,0.49471897009169885
EMP015,PJT032,2024-12-31,58.88352150904641,160,0.36802200943154006
EMP016,PJT002,2024-12-31,81.34825463873757,160,0.5084265914921098
EMP017,PJT025,2024-12-31,100.42112984001392,160,0.627632061500087
EMP018,PJT044,2024-12-31,157.8987358255989,160,0.986867098909993
EMP019,PJT028,2024-12-31,150.66468389773362,160,0.9416542743608352
EMP020,PJT012,2024-12-31,139.32294374396827,160,0.8707683983998017
EMP001,PJT023,2025-01-31,143.36958035572874,160,0.8960598772233046
EMP002,PJT014,2025-01-31,80.17737749380645,160,0.5011086093362903
EMP003,PJT012,2025-01-31,108.61664907661972,160,0.6788540567288732
EMP004,PJT018,2025-01-31,144.26000844043213,160,0.9016250527527008
EMP005,PJT018,2025-01-31,68.94261474870297,160,0.4308913421793935
EMP006,PJT029,2025-01-31,154.2643717518203,160,0.9641523234488769
EMP007,PJT010,2025-01-31,72.36790931037746,160,0.4522994331898591
EMP008,PJT003,2025-01-31,100.16239980898234,160,0.6260149988061396
EMP009,PJT040,2025-01-31,116.47070699085579,160,0.7279419186928486
EMP010,PJT040,2025-01-31,152.58880196139074,160,0.9536800122586921
EMP011,PJT040,2025-01-31,46.692441107839905,160,0.2918277569239994
EMP012,PJT016,2025-01-31,121.91964673579633,160,0.7619977920987271
EMP013,PJT042,2025-01-31,88.12233792161233,160,0.5507646120100771
EMP014,PJT019,2025-01-31,50.28357109309616,160,0.31427231933185096
EMP015,PJT032,2025-01-31,126.49102596945859,160,0.7905689123091162
EMP016,PJT027,2025-01-31,92.83334202607698,160,0.5802083876629811
EMP017,PJT036,2025-01-31,109.14607309745136,160,0.682162956859071
EMP018,PJT031,2025-01-31,58.435160286685154,160,0.36521975179178223
EMP019,PJT004,2025-01-31,82.19109277414076,160,0.5136943298383797
EMP020,PJT006,2025-01-31,102.60313764821007,160,0.6412696103013129
EMP001,PJT018,2025-02-28,70.7366221404766,160,0.44210388837797876
EMP002,PJT025,2025-02-28,39.7558809771552,160,0.24847425610722002
EMP003,PJT009,2025-02-28,154.2460738472956,160,0.9640379615455975
EMP004,PJT027,2025-02-28,86.7201310063926,160,0.5420008187899538
EMP005,PJT013,2025-02-28,120.08805554315508,160,0.7505503471447192
EMP006,PJT042,2025-02-28,71.65707903340872,160,0.4478567439588045
EMP007,PJT034,2025-02-28,63.26976460385745,160,0.3954360287741091
EMP008,PJT016,2025-02-28,71.07464477006874,160,0.44421652981292964
EMP009,PJT041,2025-02-28,71.37949656784747,160,0.44612185354904665
EMP010,PJT035,2025-02-28,91.62701739129304,160,0.5726688586955815
EMP011,PJT002,2025-02-28,91.52048049720447,160,0.5720030031075279
EMP012,PJT025,2025-02-28,84.57307238243075,160,0.5285817023901922
EMP013,PJT046,2025-02-28,30.217867737615713,160,0.1888616733600982
EMP014,PJT023,2025-02-28,84.41132177507967,160,0.5275707610942479
EMP015,PJT031,2025-02-28,35.365585063097726,160,0.2210349066443608
EMP016,PJT035,2025-02-28,28.920367944364774,160,0.18075229965227985
EMP017,PJT032,2025-02-28,149.89685760117516,160,0.9368553600073447
EMP018,PJT023,2025-02-28,100.74250197215564,160,0.6296406373259728
EMP019,PJT037,2025-02-28,108.92350871868764,160,0.6807719294917978
EMP020,PJT033,2025-02-28,70.26905055000456,160,0.43918156593752855
EMP001,PJT021,2025-03-31,146.34713378722964,160,0.9146695861701852
EMP002,PJT025,2025-03-31,105.68957343694981,160,0.6605598339809363
EMP003,PJT018,2025-03-31,125.37548042853813,160,0.7835967526783633
EMP004,PJT012,2025-03-31,65.28437035415708,160,0.40802731471348175
EMP005,PJT002,2025-03-31,154.00178212286883,160,0.9625111382679302
EMP006,PJT021,2025-03-31,133.06919352374726,160,0.8316824595234203
EMP007,PJT039,2025-03-31,138.09226945218154,160,0.8630766840761346
EMP008,PJT015,2025-03-31,35.82914011386314,160,0.22393212571164461
EMP009,PJT002,2025-03-31,50.64448118068293,160,0.31652800737926834
EMP010,PJT050,2025-03-31,52.84398995253656,160,0.3302749372033535
EMP011,PJT018,2025-03-31,50.63638348703068,160,0.3164773967939417
EMP012,PJT004,2025-03-31,138.3112243156432,160,0.8644451519727699
EMP013,PJT031,2025-03-31,14.782719281288816,160,0.0923919955080551
EMP014,PJT034,2025-03-31,21.414998347116146,160,0.1338437396694759
EMP015,PJT023,2025-03-31,51.08723059448556,160,0.31929519121553473
EMP016,PJT050,2025-03-31,39.98094619741654,160,0.2498809137338534
EMP017,PJT038,2025-03-31,44.77894208242726,160,0.27986838801517033
EMP018,PJT015,2025-03-31,129.691478387995,160,0.8105717399249688
EMP019,PJT011,2025-03-31,94.46898908380703,160,0.590431181773794
EMP020,PJT007,2025-03-31,10.865599193945199,160,0.0679099949621575
EMP001,PJT016,2025-04-30,74.39841485562928,160,0.464990092847683
EMP002,PJT043,2025-04-30,71.18273902755384,160,0.4448921189222115
EMP003,PJT016,2025-04-30,27.09179041668153,160,0.16932369010425957
EMP004,PJT018,2025-04-30,111.42126829021856,160,0.696382926813866
EMP005,PJT035,2025-04-30,115.31457825692367,160,0.720716114105773
EMP006,PJT048,2025-04-30,118.13398285781466,160,0.7383373928613416
EMP007,PJT004,2025-04-30,119.2706418337888,160,0.74544151146118
EMP008,PJT049,2025-04-30,10.00792403984452,160,0.06254952524902825
EMP009,PJT015,2025-04-30,153.08812057700834,160,0.9568007536063021
EMP010,PJT037,2025-04-30,132.13131505819945,160,0.8258207191137465
EMP011,PJT025,2025-04-30,145.5972544883928,160,0.9099828405524549
EMP012,PJT023,2025-04-30,12.34649429611512,160,0.0771655893507195
EMP013,PJT012,2025-04-30,150.07881936786092,160,0.9379926210491307
EMP014,PJT012,2025-04-30,131.4682793032157,160,0.8216767456450981
EMP015,PJT016,2025-04-30,135.58287144380478,160,0.8473929465237798
EMP016,PJT038,2025-04-30,23.993107708295277,160,0.14995692317684547
EMP017,PJT021,2025-04-30,120.81670433778964,160,0.7551044021111852
EMP018,PJT048,2025-04-30,153.98750344631364,160,0.9624218965394602
EMP019,PJT045,2025-04-30,111.7821012127241,160,0.6986381325795257
EMP020,PJT023,2025-04-30,95.58421069369098,160,0.5974013168355686
EMP001,PJT038,2025-05-31,151.84445166234954,160,0.9490278228896847
EMP002,PJT002,2025-05-31,76.4405682601654,160,0.4777535516260338
EMP003,PJT046,2025-05-31,99.89403494657181,160,0.6243377184160738
EMP004,PJT045,2025-05-31,81.45074402415493,160,0.5090671501509683
EMP005,PJT023,2025-05-31,149.92693320404487,160,0.9370433325252805
EMP006,PJT037,2025-05-31,21.41270901482609,160,0.13382943134266306
EMP007,PJT037,2025-05-31,85.16795512380223,160,0.532299719523764
EMP008,PJT010,2025-05-31,113.04286620781575,160,0.7065179137988484
EMP009,PJT037,2025-05-31,128.78598076333554,160,0.8049123797708472
EMP010,PJT013,2025-05-31,97.45279711662045,160,0.6090799819788778
EMP011,PJT032,2025-05-31,146.3376616182181,160,0.9146103851138632
EMP012,PJT035,2025-05-31,151.29871703258075,160,0.9456169814536297
EMP013,PJT020,2025-05-31,19.647883479037528,160,0.12279927174398456
EMP014,PJT012,2025-05-31,70.35558093120616,160,0.4397223808200385
EMP015,PJT032,2025-05-31,13.518853258173166,160,0.08449283286358229
EMP016,PJT003,2025-05-31,59.41249860616644,160,0.37132811628854023
EMP017,PJT006,2025-05-31,90.53023269559031,160,0.5658139543474394
EMP018,PJT004,2025-05-31,146.61923957649233,160,0.916370247353077
EMP019,PJT015,2025-05-31,136.9831483698104,160,0.856144677311315
EMP020,PJT039,2025-05-31,29.12495900079786,160,0.1820309937549866
EMP001,PJT015,2025-06-30,23.954556211134356,160,0.14971597631958972
EMP002,PJT002,2025-06-30,98.39010081350006,160,0.6149381300843754
EMP003,PJT034,2025-06-30,89.8176958688174,160,0.5613605991801087
EMP004,PJT031,2025-06-30,49.95664621450358,160,0.31222903884064734
EMP005,PJT001,2025-06-30,144.91796268307527,160,0.9057372667692205
EMP006,PJT022,2025-06-30,149.104961419233,160,0.9319060088702062
EMP007,PJT040,2025-06-30,70.3917157510244,160,0.43994822344390255
EMP008,PJT013,2025-06-30,143.54538356702804,160,0.8971586472939252
EMP009,PJT009,2025-06-30,67.5923341394459,160,0.42245208837153686
EMP010,PJT022,2025-06-30,120.52252477445502,160,0.7532657798403439
EMP011,PJT046,2025-06-30,81.39133263215862,160,0.5086958289509914
EMP012,PJT012,2025-06-30,28.38747347607745,160,0.17742170922548406
EMP013,PJT021,2025-06-30,149.19013018555322,160,0.9324383136597076
EMP014,PJT004,2025-06-30,78.11448900663049,160,0.4882155562914406
EMP015,PJT002,2025-06-30,120.17305604836055,160,0.7510816003022535
EMP016,PJT010,2025-06-30,65.07607216469383,160,0.40672545102933644
EMP017,PJT038,2025-06-30,12.832131786435198,160,0.08020082366522
EMP018,PJT046,2025-06-30,25.079553803775386,160,0.15674721127359617
EMP019,PJT010,2025-06-30,84.43292192348866,160,0.5277057620218042
EMP020,PJT050,2025-06-30,113.49465356895436,160,0.7093415848059648
